id,keyword,category,search_intent,suggested_title,slug,primary_link,secondary_links,status,publish_date,published_url
1,"how many chickens do I need for a family of 4",chickens-eggs,informational,"How Many Chickens Do You Need for a Family of 4?",blog/how-many-chickens-family-of-4.html,"/calculators/egg-production.html","/calculators/chicken-coop-size.html;/calculators/chicken-feed.html",pending,,
2,"how big of a garden to feed a family of 4",gardening-planning,informational,"How Big a Garden Do You Need to Feed a Family of 4?",blog/garden-size-family-of-4.html,"/calculators/garden-yield.html","/blog/garden-yield-guide.html;/calculators/land-requirement.html",pending,,
3,"how much hay does a goat eat per day",livestock,informational,"How Much Hay Does a Goat Eat Per Day?",blog/hay-per-goat-per-day.html,"/calculators/goat-sheep-feed.html","/printables/livestock-hay-guide.html",pending,,
4,"water bath vs pressure canning",food-preservation,commercial-investigation,"Water Bath vs Pressure Canning: Which Foods Need Which",blog/water-bath-vs-pressure-canning.html,"/calculators/canning-scaler.html","/calculators/dehydrator.html",pending,,
5,"how much butter from a gallon of cream",dairy-kitchen,informational,"How Much Butter From a Gallon of Cream?",blog/butter-from-gallon-cream.html,"/calculators/butter-making.html","/blog/cheese-making-guide.html",pending,,
6,"how many solar panels to run a refrigerator",energy-offgrid,informational,"How Many Solar Panels to Run a Refrigerator?",blog/solar-panels-for-refrigerator.html,"/calculators/solar-power.html","/printables/solar-power-reference.html;/blog/solar-power-guide.html",pending,,
7,"browns to greens ratio by volume",composting-soil,informational,"Browns to Greens: The Easy Volume Ratio for Compost",blog/browns-greens-ratio.html,"/calculators/compost-mix.html","/blog/compost-guide.html",pending,,
8,"how much honey does one hive produce",beekeeping,informational,"How Much Honey Does One Hive Produce Per Year?",blog/honey-per-hive.html,"/calculators/honey-yield.html","/blog/honey-yield-guide.html",pending,,
9,"how much rainwater can I collect from my roof",water-rain,informational,"How Much Rainwater Can Your Roof Collect? The Simple Math",blog/rainwater-from-roof.html,"/calculators/rainwater-harvest.html","/printables/rainwater-harvest-cheat-sheet.html",pending,,
10,"how many apples does one tree produce",orchard-fruit,informational,"How Many Apples Does One Tree Produce?",blog/apples-per-tree.html,"/calculators/fruit-tree-yield.html","/calculators/cider-making.html",pending,,
11,"how many apples for a gallon of cider",brewing-ferment,informational,"How Many Apples for a Gallon of Cider?",blog/apples-per-gallon-cider.html,"/calculators/cider-making.html","/calculators/fruit-tree-yield.html",pending,,
12,"growing oyster mushrooms on straw",mushrooms-hydro,informational,"Growing Oyster Mushrooms on Straw: Start to Harvest",blog/oyster-mushrooms-straw.html,"/calculators/mushroom-growing.html","/calculators/hydroponic-system.html;/blog/hydroponics-guide.html",pending,,
13,"how much fencing for 1 acre",land-planning,informational,"How Much Fencing for 1 Acre? Perimeter Math and Materials",blog/fencing-for-1-acre.html,"/calculators/fencing-calculator.html","/calculators/self-sufficiency-score.html;/calculators/fencing-calculator.html",pending,,
14,"how much feed does a chicken eat per day",chickens-eggs,informational,"How Much Feed Does a Chicken Eat Per Day? Real Numbers",blog/chicken-feed-per-day.html,"/calculators/chicken-feed.html","/calculators/egg-production.html;/printables/chicken-feed-chart.html",pending,,
15,"how many tomato plants per person",gardening-planning,informational,"How Many Tomato Plants Per Person? Fresh Eating vs Canning",blog/tomato-plants-per-person.html,"/calculators/garden-yield.html","/calculators/plant-spacing.html;/calculators/canning-scaler.html",pending,,
16,"how many goats per acre",livestock,informational,"How Many Goats Per Acre? Stocking Rates by Forage",blog/goats-per-acre.html,"/calculators/land-requirement.html","/calculators/goat-sheep-feed.html",pending,,
17,"how long to dehydrate apples",food-preservation,informational,"How Long to Dehydrate Apples (Time and Temperature)",blog/dehydrate-apples-time.html,"/calculators/dehydrator.html","/calculators/fruit-tree-yield.html",pending,,
18,"how much cheese from a gallon of milk",dairy-kitchen,informational,"How Much Cheese From a Gallon of Milk? By Cheese Type",blog/cheese-from-gallon-milk.html,"/calculators/cheese-making.html","/calculators/goat-cheese-yield.html",pending,,
19,"how much firewood do I need for winter",energy-offgrid,informational,"How Much Firewood for Winter? Cords by Climate and Home Size",blog/firewood-for-winter.html,"/calculators/firewood-requirement.html","/calculators/firewood-requirement.html;/printables/solar-power-reference.html",pending,,
20,"why is my compost not heating up",composting-soil,informational,"Why Your Compost Is Not Heating Up (and How to Fix It)",blog/compost-not-heating.html,"/calculators/compost-temperature.html","/printables/compost-cn-ratio-chart.html",pending,,
21,"when to harvest honey first year",beekeeping,informational,"Should You Harvest Honey the First Year?",blog/first-year-honey-harvest.html,"/calculators/honey-yield.html","/calculators/honey-yield.html;/blog/honey-yield-guide.html",pending,,
22,"rain barrel vs cistern",water-rain,commercial-investigation,"Rain Barrel or Cistern? Choosing the Right Storage Size",blog/rain-barrel-vs-cistern.html,"/calculators/rainwater-harvest.html","/blog/rainwater-harvesting-guide.html",pending,,
23,"dwarf vs semi dwarf fruit trees",orchard-fruit,commercial-investigation,"Dwarf vs Semi-Dwarf Fruit Trees: Size, Yield, Lifespan",blog/dwarf-vs-semi-dwarf.html,"/calculators/fruit-tree-yield.html","/calculators/plant-spacing.html",pending,,
24,"how to calculate abv hard cider",brewing-ferment,informational,"Calculating ABV for Hard Cider With a Hydrometer",blog/calculate-cider-abv.html,"/calculators/cider-making.html","/calculators/wine-making.html;/blog/wine-making-guide.html",pending,,
25,"mushroom grow kit vs diy substrate",mushrooms-hydro,commercial-investigation,"Mushroom Kits vs DIY Substrate: Cost Per Pound",blog/kit-vs-diy-substrate.html,"/calculators/mushroom-growing.html","/calculators/hydroponic-system.html;/blog/hydroponics-guide.html",pending,,
26,"electric fence for goats how many strands",land-planning,informational,"Electric Fencing for Goats: Strand Count and Spacing",blog/electric-fence-goats.html,"/calculators/fencing-calculator.html","/calculators/goat-sheep-feed.html",pending,,
27,"chicken coop size for 10 chickens",chickens-eggs,informational,"Chicken Coop Size for 10 Chickens: Dimensions That Work",blog/coop-size-10-chickens.html,"/calculators/chicken-coop-size.html","/calculators/chicken-feed.html;/blog/chicken-feed-guide.html",pending,,
28,"when to start seeds indoors zone 6",gardening-planning,informational,"When to Start Seeds Indoors in Zone 6: Full Schedule",blog/seed-starting-zone-6.html,"/calculators/seed-starting.html","/calculators/frost-date.html;/blog/seed-starting-guide.html",pending,,
29,"how much water does a cow drink per day",livestock,informational,"How Much Water Does a Cow Drink Per Day?",blog/cow-water-per-day.html,"/calculators/livestock-water.html","/calculators/hay-forage.html",pending,,
30,"how many tomatoes for a quart of sauce",food-preservation,informational,"How Many Tomatoes Make a Quart of Sauce?",blog/tomatoes-per-quart-sauce.html,"/calculators/canning-scaler.html","/calculators/garden-yield.html",pending,,
31,"sourdough starter feeding ratio",dairy-kitchen,informational,"Sourdough Starter Feeding Ratios: 1:1:1 vs 1:5:5",blog/sourdough-feeding-ratio.html,"/calculators/bread-baking.html","/calculators/butter-making.html;/calculators/bread-baking.html",pending,,
32,"greenhouse heating cost per month",energy-offgrid,commercial-investigation,"What It Costs to Heat a Greenhouse Each Month",blog/greenhouse-heating-cost.html,"/calculators/greenhouse-heater.html","/calculators/firewood-requirement.html",pending,,
33,"composting chicken manure how long",composting-soil,informational,"Composting Chicken Manure: How Long Before It Is Safe",blog/composting-chicken-manure.html,"/calculators/compost-mix.html","/calculators/chicken-coop-size.html",pending,,
34,"how much does it cost to start beekeeping",beekeeping,commercial-investigation,"Startup Costs for Beekeeping: A Realistic Budget",blog/beekeeping-startup-cost.html,"/calculators/beehive-management.html","/calculators/honey-yield.html",pending,,
35,"is rainwater safe for vegetable gardens",water-rain,informational,"Is Rainwater Safe for Vegetable Gardens?",blog/rainwater-safe-vegetables.html,"/calculators/rainwater-harvest.html","/printables/rainwater-harvest-cheat-sheet.html;/blog/rainwater-harvesting-guide.html",pending,,
36,"when do fruit trees start producing",orchard-fruit,informational,"When Do Fruit Trees Start Producing? By Type and Rootstock",blog/fruit-tree-first-harvest.html,"/calculators/fruit-tree-yield.html","/calculators/frost-date.html;/calculators/plant-spacing.html",pending,,
37,"wine from garden grapes for beginners",brewing-ferment,informational,"Making Wine From Garden Grapes: First-Timer Walkthrough",blog/wine-from-garden-grapes.html,"/calculators/wine-making.html","/blog/wine-making-guide.html",pending,,
38,"how long do mushroom logs produce",mushrooms-hydro,informational,"How Long Do Mushroom Logs Keep Producing?",blog/mushroom-log-lifespan.html,"/calculators/mushroom-growing.html","/calculators/hydroponic-system.html;/blog/hydroponics-guide.html",pending,,
39,"cattle panel vs woven wire",land-planning,commercial-investigation,"Cattle Panels vs Woven Wire: Cost and Use Cases",blog/cattle-panel-vs-woven-wire.html,"/calculators/fencing-calculator.html","/calculators/self-sufficiency-score.html;/calculators/fencing-calculator.html",pending,,
40,"do chickens need heat in winter",chickens-eggs,informational,"Do Chickens Need Heat in Winter? When to Add It (and When Not To)",blog/do-chickens-need-heat-winter.html,"/calculators/chicken-coop-heating.html","/calculators/chicken-coop-size.html",pending,,
41,"tomato plant spacing in raised beds",gardening-planning,informational,"Tomato Spacing in Raised Beds: How Close Is Too Close?",blog/tomato-spacing-raised-beds.html,"/calculators/plant-spacing.html","/blog/plant-spacing-guide.html",pending,,
42,"how much land do you need for 2 cows",livestock,informational,"How Much Land Do You Need for 2 Cows?",blog/land-for-2-cows.html,"/calculators/land-requirement.html","/calculators/hay-forage.html",pending,,
43,"pressure canning green beans time",food-preservation,informational,"Pressure Canning Green Beans: Times and PSI by Altitude",blog/pressure-canning-green-beans.html,"/calculators/canning-scaler.html","/calculators/usda-zone-finder.html",pending,,
44,"how to make yogurt at home without a machine",dairy-kitchen,informational,"Homemade Yogurt Without a Machine: 3 Reliable Methods",blog/yogurt-without-machine.html,"/calculators/cheese-making.html","/calculators/butter-making.html",pending,,
45,"battery bank size for off grid cabin",energy-offgrid,informational,"Sizing a Battery Bank for an Off-Grid Cabin",blog/battery-bank-off-grid-cabin.html,"/calculators/solar-power.html","/printables/solar-power-reference.html",pending,,
46,"compost tumbler vs pile",composting-soil,commercial-investigation,"Compost Tumbler vs Pile: Speed, Cost, and Effort",blog/tumbler-vs-pile.html,"/calculators/compost-mix.html","/blog/compost-guide.html",pending,,
47,"langstroth vs top bar hive",beekeeping,commercial-investigation,"Langstroth vs Top Bar Hives for Beginners",blog/langstroth-vs-top-bar.html,"/calculators/beehive-management.html","/blog/honey-yield-guide.html",pending,,
48,"first flush diverter how it works",water-rain,informational,"First-Flush Diverters: Why They Matter and How to Size One",blog/first-flush-diverter.html,"/calculators/rainwater-harvest.html","/printables/rainwater-harvest-cheat-sheet.html;/blog/rainwater-harvesting-guide.html",pending,,
49,"fruit tree spacing for backyard orchard",orchard-fruit,informational,"Backyard Orchard Spacing: Fitting More Trees in Less Space",blog/fruit-tree-spacing.html,"/calculators/plant-spacing.html","/calculators/fruit-tree-yield.html",pending,,
50,"mead honey to water ratio",brewing-ferment,informational,"Mead Ratios: How Much Honey Per Gallon",blog/mead-honey-ratio.html,"/calculators/honey-yield.html","/calculators/wine-making.html",pending,,
51,"shiitake log inoculation",mushrooms-hydro,informational,"Inoculating Shiitake Logs: Tools, Timing, Technique",blog/shiitake-log-inoculation.html,"/calculators/mushroom-growing.html","/calculators/hydroponic-system.html;/blog/hydroponics-guide.html",pending,,
52,"how many acres to be self sufficient",land-planning,informational,"How Many Acres to Be Self-Sufficient? Honest Numbers",blog/acres-for-self-sufficiency.html,"/calculators/land-requirement.html","/calculators/self-sufficiency-score.html;/calculators/garden-yield.html",pending,,
53,"how many eggs does a hen lay per week",chickens-eggs,informational,"How Many Eggs Does a Hen Lay Per Week? By Breed and Age",blog/eggs-per-hen-per-week.html,"/calculators/egg-production.html","/printables/egg-production-chart.html",pending,,
54,"how many potatoes per plant",gardening-planning,informational,"How Many Potatoes Per Plant? Yields by Variety and Method",blog/potatoes-per-plant.html,"/calculators/garden-yield.html","/calculators/vegetable-storage.html",pending,,
55,"raising pigs on pasture feed costs",livestock,commercial-investigation,"Raising Pigs on Pasture: Real Feed Costs and Savings",blog/pasture-pigs-feed-cost.html,"/calculators/goat-sheep-feed.html","/calculators/land-requirement.html",pending,,
56,"how to store potatoes long term",food-preservation,informational,"How to Store Potatoes for 6+ Months Without a Root Cellar",blog/store-potatoes-long-term.html,"/calculators/vegetable-storage.html","/printables/vegetable-storage-chart.html",pending,,
57,"mozzarella from store bought milk",dairy-kitchen,informational,"Can You Make Mozzarella From Store-Bought Milk?",blog/mozzarella-store-milk.html,"/calculators/cheese-making.html","/blog/cheese-making-guide.html",pending,,
58,"best firewood to burn BTU chart",energy-offgrid,informational,"Best Firewood by BTU: Species Ranked for Heat Output",blog/best-firewood-btu.html,"/calculators/firewood-requirement.html","/calculators/firewood-requirement.html;/printables/solar-power-reference.html",pending,,
59,"how long does compost take",composting-soil,informational,"How Long Does Compost Take? Hot, Warm, and Cold Timelines",blog/how-long-compost-takes.html,"/calculators/compost-temperature.html","/calculators/compost-temperature.html;/printables/compost-cn-ratio-chart.html",pending,,
60,"sugar water ratio for feeding bees",beekeeping,informational,"Feeding Bees: 1:1 vs 2:1 Sugar Syrup and When to Use Each",blog/bee-sugar-syrup-ratio.html,"/calculators/beehive-management.html","/calculators/honey-yield.html;/blog/honey-yield-guide.html",pending,,
61,"gravity drip irrigation from rain barrel",water-rain,informational,"Gravity-Fed Drip Irrigation From a Rain Barrel",blog/gravity-drip-irrigation.html,"/calculators/rainwater-harvest.html","/calculators/plant-spacing.html",pending,,
62,"pruning apple trees in winter",orchard-fruit,informational,"Winter Apple Pruning: What to Cut and Why",blog/winter-apple-pruning.html,"/calculators/fruit-tree-yield.html","/calculators/frost-date.html;/calculators/plant-spacing.html",pending,,
63,"cider yeast vs wine yeast vs bread yeast",brewing-ferment,commercial-investigation,"Yeast for Cider: Cider vs Wine vs Bread Yeast Compared",blog/cider-yeast-comparison.html,"/calculators/cider-making.html","/calculators/wine-making.html;/blog/wine-making-guide.html",pending,,
64,"kratky method lettuce",mushrooms-hydro,informational,"Kratky Method: Hands-Off Hydroponic Lettuce",blog/kratky-method-lettuce.html,"/calculators/hydroponic-system.html","/blog/hydroponics-guide.html",pending,,
65,"t post spacing for field fence",land-planning,informational,"T-Post Spacing for Field Fence: Getting It Right",blog/t-post-spacing.html,"/calculators/fencing-calculator.html","/calculators/self-sufficiency-score.html;/calculators/fencing-calculator.html",pending,,
66,"how long do chickens lay eggs",chickens-eggs,informational,"How Long Do Chickens Lay Eggs? Production by Age Explained",blog/how-long-chickens-lay-eggs.html,"/calculators/egg-production.html","/printables/egg-production-chart.html",pending,,
67,"companion planting chart for tomatoes",gardening-planning,informational,"Companion Planting for Tomatoes: What Helps, What Hurts",blog/companion-planting-tomatoes.html,"/calculators/plant-spacing.html","/blog/plant-spacing-guide.html",pending,,
68,"how much hay for winter per cow",livestock,informational,"How Much Hay Per Cow for Winter? The 180-Day Math",blog/winter-hay-per-cow.html,"/calculators/hay-forage.html","/printables/livestock-hay-guide.html",pending,,
69,"dehydrating herbs temperature and time",food-preservation,informational,"Dehydrating Herbs: Temperatures and Times That Preserve Flavor",blog/dehydrating-herbs.html,"/calculators/dehydrator.html","/calculators/vegetable-storage.html;/calculators/dehydrator.html",pending,,
70,"bread hydration percentage explained",dairy-kitchen,informational,"Bread Hydration Explained: What 65% vs 80% Really Means",blog/bread-hydration-explained.html,"/calculators/bread-baking.html","/calculators/butter-making.html;/calculators/bread-baking.html",pending,,
71,"solar generator vs gas generator homestead",energy-offgrid,commercial-investigation,"Solar vs Gas Generators for Homestead Backup Power",blog/solar-vs-gas-generator.html,"/calculators/solar-power.html","/blog/solar-power-guide.html",pending,,
72,"composting in winter cold climate",composting-soil,informational,"Winter Composting in Cold Climates: Keeping It Alive",blog/winter-composting.html,"/calculators/compost-temperature.html","/calculators/compost-temperature.html;/printables/compost-cn-ratio-chart.html",pending,,
73,"winterizing beehives in cold climates",beekeeping,informational,"Winterizing Beehives: A Cold-Climate Checklist",blog/winterize-beehives.html,"/calculators/beehive-management.html","/calculators/honey-yield.html",pending,,
74,"water tank size for off grid home",water-rain,informational,"How Big a Water Tank Does an Off-Grid Home Need?",blog/off-grid-water-tank-size.html,"/calculators/rainwater-harvest.html","/calculators/livestock-water.html",pending,,
75,"best fruit trees for a small homestead",orchard-fruit,informational,"Best Fruit Trees for a Small Homestead (Ranked)",blog/best-fruit-trees-homestead.html,"/calculators/fruit-tree-yield.html","/calculators/land-requirement.html",pending,,
76,"how long to ferment hard cider",brewing-ferment,informational,"Hard Cider Fermentation Timeline: Primary to Bottle",blog/cider-fermentation-time.html,"/calculators/cider-making.html","/calculators/wine-making.html;/blog/wine-making-guide.html",pending,,
77,"hydroponic nutrients for beginners",mushrooms-hydro,informational,"Hydroponic Nutrients Explained for Beginners",blog/hydroponic-nutrients-beginners.html,"/calculators/hydroponic-system.html","/blog/hydroponics-guide.html",pending,,
78,"homestead layout for 5 acres",land-planning,informational,"Planning a 5-Acre Homestead Layout",blog/5-acre-homestead-layout.html,"/calculators/land-requirement.html","/calculators/self-sufficiency-score.html",pending,,
79,"best egg laying chicken breeds for beginners",chickens-eggs,informational,"10 Best Egg-Laying Chicken Breeds for Beginners",blog/best-egg-laying-breeds-beginners.html,"/calculators/egg-production.html","/printables/egg-production-chart.html;/calculators/chicken-coop-size.html",pending,,
80,"how many seeds per hole when planting",gardening-planning,informational,"How Many Seeds Per Hole? Seeding Rates That Make Sense",blog/seeds-per-hole.html,"/calculators/seed-calculator.html","/blog/seed-starting-guide.html",pending,,
81,"nigerian dwarf goat milk production per day",livestock,informational,"Nigerian Dwarf Goat Milk Production: What to Expect",blog/nigerian-dwarf-milk-production.html,"/calculators/goat-cheese-yield.html","/calculators/goat-sheep-feed.html",pending,,
82,"salt curing bacon at home ratio",food-preservation,informational,"Salt Curing Bacon at Home: Safe Ratios Explained",blog/salt-curing-bacon-ratio.html,"/calculators/meat-curing.html","/calculators/vegetable-storage.html;/calculators/dehydrator.html",pending,,
83,"raw milk vs pasteurized for cheese making",dairy-kitchen,commercial-investigation,"Raw vs Pasteurized Milk for Cheese: What Changes",blog/raw-vs-pasteurized-cheese.html,"/calculators/cheese-making.html","/calculators/goat-cheese-yield.html",pending,,
84,"how long to season firewood",energy-offgrid,informational,"How Long to Season Firewood by Species",blog/season-firewood-time.html,"/calculators/firewood-requirement.html","/calculators/firewood-requirement.html;/printables/solar-power-reference.html",pending,,
85,"what not to compost list",composting-soil,informational,"What Not to Compost: 20 Items and Why",blog/what-not-to-compost.html,"/calculators/compost-mix.html","/blog/compost-guide.html",pending,,
86,"how often to inspect a beehive",beekeeping,informational,"How Often Should You Inspect a Beehive?",blog/hive-inspection-frequency.html,"/calculators/beehive-management.html","/calculators/honey-yield.html;/blog/honey-yield-guide.html",pending,,
87,"well vs rainwater for homestead",water-rain,commercial-investigation,"Well vs Rainwater: Water Sources for Your Homestead",blog/well-vs-rainwater.html,"/calculators/rainwater-harvest.html","/blog/rainwater-harvesting-guide.html",pending,,
88,"apple tree pollination partners",orchard-fruit,informational,"Apple Pollination Partners: Why One Tree Is Not Enough",blog/apple-pollination-partners.html,"/calculators/fruit-tree-yield.html","/calculators/beehive-management.html",pending,,
89,"backsweetening cider",brewing-ferment,informational,"Backsweetening Cider Without Bottle Bombs",blog/backsweetening-cider.html,"/calculators/cider-making.html","/calculators/wine-making.html;/blog/wine-making-guide.html",pending,,
90,"dwc vs nft hydroponics",mushrooms-hydro,commercial-investigation,"DWC vs NFT: Choosing Your First Hydroponic System",blog/dwc-vs-nft.html,"/calculators/hydroponic-system.html","/blog/hydroponics-guide.html",pending,,
91,"fence cost per foot comparison",land-planning,commercial-investigation,"Fence Cost Per Foot: 7 Types Compared",blog/fence-cost-per-foot.html,"/calculators/fencing-calculator.html","/calculators/self-sufficiency-score.html;/calculators/fencing-calculator.html",pending,,
92,"how much does it cost to raise chickens per month",chickens-eggs,commercial-investigation,"How Much It Costs to Raise Chickens Per Month: Full Budget",blog/cost-to-raise-chickens-monthly.html,"/calculators/chicken-feed.html","/calculators/egg-production.html;/calculators/chicken-coop-size.html",pending,,
93,"how much soil for a 4x8 raised bed",gardening-planning,informational,"How Much Soil for a 4x8 Raised Bed? Cubic Feet and Bags",blog/soil-for-4x8-raised-bed.html,"/calculators/square-foot-gardening.html","/blog/square-foot-gardening-guide.html",pending,,
94,"sheep vs goats for a small homestead",livestock,commercial-investigation,"Sheep vs Goats: Which Fits Your Small Homestead?",blog/sheep-vs-goats-homestead.html,"/calculators/goat-sheep-feed.html","/calculators/land-requirement.html",pending,,
95,"how long does home canned food last",food-preservation,informational,"How Long Does Home-Canned Food Really Last?",blog/home-canned-food-shelf-life.html,"/calculators/canning-scaler.html","/calculators/vegetable-storage.html",pending,,
96,"how long to churn butter by hand",dairy-kitchen,informational,"How Long to Churn Butter by Hand (Jar, Mixer, Churn)",blog/churn-butter-by-hand.html,"/calculators/butter-making.html","/calculators/butter-making.html;/calculators/bread-baking.html",pending,,
97,"wood stove vs pellet stove cost",energy-offgrid,commercial-investigation,"Wood Stove vs Pellet Stove: 10-Year Cost Comparison",blog/wood-vs-pellet-stove.html,"/calculators/firewood-requirement.html","/calculators/firewood-requirement.html;/printables/solar-power-reference.html",pending,,
98,"hot composting berkeley method",composting-soil,informational,"Hot Composting in 18 Days: The Berkeley Method",blog/berkeley-method-compost.html,"/calculators/compost-temperature.html","/printables/compost-cn-ratio-chart.html",pending,,
99,"swarm prevention in spring",beekeeping,informational,"Spring Swarm Prevention: Reading the Signs Early",blog/swarm-prevention-spring.html,"/calculators/beehive-management.html","/calculators/honey-yield.html",pending,,
100,"keep stock tank from freezing without electricity",water-rain,informational,"Keeping Stock Tanks Ice-Free Without Electricity",blog/stock-tank-no-freeze.html,"/calculators/livestock-water.html","/printables/rainwater-harvest-cheat-sheet.html;/blog/rainwater-harvesting-guide.html",pending,,
101,"protecting fruit blossoms from late frost",orchard-fruit,informational,"Saving Fruit Blossoms From a Late Frost",blog/protect-blossoms-frost.html,"/calculators/frost-date.html","/blog/frost-date-guide.html",pending,,
102,"fruit wine from berries ratio",brewing-ferment,informational,"Berry Wine: Fruit-to-Water Ratios That Work",blog/berry-wine-ratios.html,"/calculators/wine-making.html","/blog/wine-making-guide.html",pending,,
103,"growing mushrooms indoors without contamination",mushrooms-hydro,informational,"Beating Contamination in Indoor Mushroom Growing",blog/mushroom-contamination.html,"/calculators/mushroom-growing.html","/calculators/hydroponic-system.html;/blog/hydroponics-guide.html",pending,,
104,"predator proofing a chicken run",land-planning,informational,"Predator-Proofing the Chicken Run: Hardware Cloth and More",blog/predator-proof-chicken-run.html,"/calculators/chicken-coop-size.html","/calculators/fencing-calculator.html",pending,,
105,"how to cut chicken feed costs",chickens-eggs,commercial-investigation,"12 Proven Ways to Cut Chicken Feed Costs",blog/cut-chicken-feed-costs.html,"/calculators/chicken-feed.html","/blog/chicken-feed-guide.html",pending,,
106,"succession planting schedule for continuous harvest",gardening-planning,informational,"Succession Planting: A Simple Schedule for Nonstop Harvests",blog/succession-planting-schedule.html,"/calculators/seed-starting.html","/calculators/frost-date.html",pending,,
107,"how much does it cost to raise a pig",livestock,commercial-investigation,"How Much It Costs to Raise a Pig for Meat",blog/cost-to-raise-a-pig.html,"/calculators/goat-sheep-feed.html","/calculators/meat-curing.html",pending,,
108,"root cellar temperature and humidity",food-preservation,informational,"Root Cellar Conditions: Temperature and Humidity by Crop",blog/root-cellar-conditions.html,"/calculators/vegetable-storage.html","/printables/vegetable-storage-chart.html",pending,,
109,"goat cheese chevre yield per gallon",dairy-kitchen,informational,"Chevre Yield: How Much Goat Cheese Per Gallon of Milk",blog/chevre-yield-per-gallon.html,"/calculators/goat-cheese-yield.html","/calculators/cheese-making.html",pending,,
110,"passive solar greenhouse design",energy-offgrid,informational,"Passive Solar Greenhouse Design Basics That Work",blog/passive-solar-greenhouse.html,"/calculators/greenhouse-heater.html","/calculators/firewood-requirement.html;/printables/solar-power-reference.html",pending,,
111,"compost smells bad how to fix",composting-soil,informational,"Smelly Compost: Diagnosing and Fixing Odors Fast",blog/fix-smelly-compost.html,"/calculators/compost-mix.html","/blog/compost-guide.html",pending,,
112,"varroa mite treatment options",beekeeping,informational,"Varroa Mite Treatments Compared: What Works When",blog/varroa-treatment-options.html,"/calculators/beehive-management.html","/calculators/honey-yield.html;/blog/honey-yield-guide.html",pending,,
113,"greywater reuse for garden basics",water-rain,informational,"Greywater in the Garden: Basics, Rules, and Safe Uses",blog/greywater-garden-basics.html,"/calculators/rainwater-harvest.html","/printables/rainwater-harvest-cheat-sheet.html;/blog/rainwater-harvesting-guide.html",pending,,
114,"how much to water fruit trees",orchard-fruit,informational,"Watering Fruit Trees: How Much and How Often",blog/watering-fruit-trees.html,"/calculators/fruit-tree-yield.html","/calculators/rainwater-harvest.html",pending,,
115,"sanitizing home brewing equipment",brewing-ferment,informational,"Sanitizing Brew Gear: What Counts and What Does Not",blog/sanitizing-brew-equipment.html,"/calculators/cider-making.html","/calculators/wine-making.html",pending,,
116,"hydroponic ph levels for vegetables",mushrooms-hydro,informational,"Hydroponic pH by Crop: Quick Reference and Fixes",blog/hydroponic-ph-levels.html,"/calculators/hydroponic-system.html","/calculators/hydroponic-system.html;/blog/hydroponics-guide.html",pending,,
117,"living fence hedgerow options",land-planning,informational,"Living Fences: Hedgerow Plants That Actually Work",blog/living-fence-options.html,"/calculators/fencing-calculator.html","/calculators/self-sufficiency-score.html;/calculators/fencing-calculator.html",pending,,
118,"how many nesting boxes per chicken",chickens-eggs,informational,"How Many Nesting Boxes Per Chicken? The Right Ratio",blog/nesting-boxes-per-chicken.html,"/calculators/chicken-coop-size.html","/calculators/egg-production.html",pending,,
119,"what to plant in a fall garden",gardening-planning,informational,"What to Plant in a Fall Garden (and When to Start)",blog/fall-garden-planting.html,"/calculators/frost-date.html","/blog/frost-date-guide.html",pending,,
120,"livestock water tank size and winter freezing",livestock,informational,"Stock Tank Sizing and Keeping Water Thawed in Winter",blog/stock-tank-size-winter.html,"/calculators/livestock-water.html","/calculators/hay-forage.html;/calculators/livestock-water.html",pending,,
121,"freezing vs canning vegetables",food-preservation,commercial-investigation,"Freezing vs Canning Vegetables: Nutrition, Cost, and Effort",blog/freezing-vs-canning.html,"/calculators/canning-scaler.html","/calculators/dehydrator.html",pending,,
122,"types of rennet for cheese making",dairy-kitchen,informational,"Rennet Types Compared: Animal, Vegetable, Microbial",blog/rennet-types-compared.html,"/calculators/cheese-making.html","/blog/cheese-making-guide.html",pending,,
123,"how many batteries for a 400 watt solar panel",energy-offgrid,informational,"How Many Batteries for a 400W Solar Setup?",blog/batteries-for-400w-solar.html,"/calculators/solar-power.html","/printables/solar-power-reference.html",pending,,
124,"using coffee grounds in compost and garden",composting-soil,informational,"Coffee Grounds in Compost and Garden: Dos and Donts",blog/coffee-grounds-compost.html,"/calculators/compost-mix.html","/calculators/fertilizer.html",pending,,
125,"how many beehives per acre",beekeeping,informational,"How Many Beehives Per Acre for Pollination and Forage?",blog/hives-per-acre.html,"/calculators/land-requirement.html","/calculators/honey-yield.html",pending,,
126,"pond size for livestock water",water-rain,informational,"Sizing a Pond for Livestock Water",blog/pond-size-livestock.html,"/calculators/livestock-water.html","/calculators/land-requirement.html",pending,,
127,"thinning fruit why and how",orchard-fruit,informational,"Thinning Fruit: The Counterintuitive Key to Bigger Harvests",blog/thinning-fruit.html,"/calculators/fruit-tree-yield.html","/calculators/frost-date.html;/calculators/plant-spacing.html",pending,,
128,"bottling vs kegging homemade cider",brewing-ferment,commercial-investigation,"Bottling vs Kegging Cider at Home",blog/bottling-vs-kegging.html,"/calculators/cider-making.html","/calculators/wine-making.html;/blog/wine-making-guide.html",pending,,
129,"grain spawn vs sawdust spawn",mushrooms-hydro,commercial-investigation,"Grain vs Sawdust Spawn: Which for Which Mushroom",blog/grain-vs-sawdust-spawn.html,"/calculators/mushroom-growing.html","/calculators/hydroponic-system.html;/blog/hydroponics-guide.html",pending,,
130,"one acre homestead what fits",land-planning,informational,"The One-Acre Homestead: What Realistically Fits",blog/one-acre-homestead.html,"/calculators/land-requirement.html","/calculators/garden-yield.html;/calculators/chicken-coop-size.html",pending,,
131,"chicken run size per chicken",chickens-eggs,informational,"Chicken Run Size Per Chicken: Space Requirements Guide",blog/chicken-run-size-per-chicken.html,"/calculators/chicken-coop-size.html","/calculators/chicken-feed.html",pending,,
132,"how many carrots per square foot",gardening-planning,informational,"How Many Carrots Per Square Foot? Spacing for Real Yields",blog/carrots-per-square-foot.html,"/calculators/square-foot-gardening.html","/blog/square-foot-gardening-guide.html",pending,,
133,"rotational grazing paddock size",livestock,informational,"Rotational Grazing: How to Size Your Paddocks",blog/rotational-grazing-paddock-size.html,"/calculators/land-requirement.html","/calculators/fencing-calculator.html",pending,,
134,"how many pounds of tomatoes per canner load",food-preservation,informational,"Pounds of Tomatoes Per Canner Load: Planning Guide",blog/tomatoes-per-canner-load.html,"/calculators/canning-scaler.html","/calculators/garden-yield.html",pending,,
135,"what to do with leftover whey",dairy-kitchen,informational,"16 Uses for Leftover Whey on the Homestead",blog/leftover-whey-uses.html,"/calculators/cheese-making.html","/calculators/goat-cheese-yield.html",pending,,
136,"how big is a cord of wood",energy-offgrid,informational,"How Big Is a Cord of Wood? Full, Face, and Rick Explained",blog/cord-of-wood-size.html,"/calculators/firewood-requirement.html","/calculators/firewood-requirement.html;/printables/solar-power-reference.html",pending,,
137,"worm bin setup for beginners",composting-soil,informational,"Vermicomposting: Setting Up Your First Worm Bin",blog/worm-bin-setup.html,"/calculators/compost-mix.html","/blog/compost-guide.html",pending,,
138,"how to split a beehive",beekeeping,informational,"Splitting a Hive: Step-by-Step for First-Timers",blog/splitting-a-hive.html,"/calculators/beehive-management.html","/calculators/honey-yield.html;/blog/honey-yield-guide.html",pending,,
139,"rainwater filtration for drinking",water-rain,informational,"Making Rainwater Drinkable: Filtration Steps That Count",blog/rainwater-filtration-drinking.html,"/calculators/rainwater-harvest.html","/blog/rainwater-harvesting-guide.html",pending,,
140,"espalier fruit trees in small spaces",orchard-fruit,informational,"Espalier: Growing Fruit Trees Flat Against a Wall",blog/espalier-fruit-trees.html,"/calculators/fruit-tree-yield.html","/calculators/plant-spacing.html",pending,,
141,"why does my cider taste sharp",brewing-ferment,informational,"Sharp Cider? Malolactic Fermentation and Aging Fixes",blog/sharp-cider-fix.html,"/calculators/cider-making.html","/calculators/wine-making.html;/blog/wine-making-guide.html",pending,,
142,"growing lettuce indoors under lights",mushrooms-hydro,informational,"Indoor Lettuce Under Grow Lights: Setup and Yields",blog/indoor-lettuce-grow-lights.html,"/calculators/hydroponic-system.html","/calculators/seed-starting.html",pending,,
143,"buying rural land checklist",land-planning,informational,"Buying Rural Land: A Due-Diligence Checklist",blog/buying-rural-land-checklist.html,"/calculators/land-requirement.html","/calculators/self-sufficiency-score.html",pending,,
144,"cornish cross feed schedule meat birds",chickens-eggs,informational,"Cornish Cross Feed Schedule: Week-by-Week to Processing",blog/cornish-cross-feed-schedule.html,"/calculators/chicken-feed.html","/blog/chicken-feed-guide.html",pending,,
145,"vegetable garden layout for beginners",gardening-planning,informational,"Vegetable Garden Layout for Beginners: 4 Proven Plans",blog/garden-layout-beginners.html,"/calculators/plant-spacing.html","/calculators/garden-yield.html",pending,,
146,"how many bales of hay per horse per month",livestock,informational,"How Many Hay Bales Per Horse Per Month?",blog/hay-bales-per-horse.html,"/calculators/hay-forage.html","/printables/livestock-hay-guide.html",pending,,
147,"jerky dehydrator time and temperature",food-preservation,informational,"Jerky in the Dehydrator: Safe Times and Temperatures",blog/jerky-dehydrator-time.html,"/calculators/dehydrator.html","/calculators/meat-curing.html",pending,,
148,"cultured butter vs sweet cream butter",dairy-kitchen,commercial-investigation,"Cultured vs Sweet Cream Butter: Taste and Method",blog/cultured-vs-sweet-cream-butter.html,"/calculators/butter-making.html","/calculators/butter-making.html;/calculators/bread-baking.html",pending,,
149,"heating a greenhouse without electricity",energy-offgrid,informational,"7 Ways to Heat a Greenhouse Without Electricity",blog/greenhouse-heat-no-electricity.html,"/calculators/greenhouse-heater.html","/calculators/compost-temperature.html",pending,,
150,"compost tea recipe and brewing",composting-soil,informational,"Compost Tea: A Simple Recipe and Honest Look at Benefits",blog/compost-tea-recipe.html,"/calculators/compost-mix.html","/calculators/fertilizer.html",pending,,
151,"rendering and using beeswax",beekeeping,informational,"Beeswax: Cleaning, Rendering, and 12 Homestead Uses",blog/beeswax-uses.html,"/calculators/beehive-management.html","/calculators/honey-yield.html",pending,,
152,"how much water does a vegetable garden need",water-rain,informational,"How Much Water a Vegetable Garden Needs Per Week",blog/garden-water-needs.html,"/calculators/rainwater-harvest.html","/printables/rainwater-harvest-cheat-sheet.html",pending,,
153,"fruit tree fertilizer schedule",orchard-fruit,informational,"Fruit Tree Feeding Schedule Through the Season",blog/fruit-tree-fertilizer.html,"/calculators/fertilizer.html","/blog/fertilizer-npk-guide.html",pending,,
154,"wild fermentation vs added yeast",brewing-ferment,commercial-investigation,"Wild Fermentation vs Pitched Yeast for Cider",blog/wild-vs-pitched-yeast.html,"/calculators/cider-making.html","/calculators/wine-making.html",pending,,
155,"hydroponics vs soil cost comparison",mushrooms-hydro,commercial-investigation,"Hydroponics vs Soil: True Cost Per Harvest",blog/hydroponics-vs-soil-cost.html,"/calculators/hydroponic-system.html","/calculators/garden-yield.html",pending,,
156,"starting a homestead with no money",land-planning,informational,"Starting a Homestead on a Shoestring Budget",blog/homestead-no-money.html,"/calculators/land-requirement.html","/calculators/self-sufficiency-score.html",pending,,
157,"incubation humidity for chicken eggs",chickens-eggs,informational,"Incubation Humidity for Chicken Eggs: Day-by-Day Targets",blog/incubation-humidity-chicken-eggs.html,"/calculators/hatching-countdown.html","/blog/hatching-guide.html",pending,,
158,"how much sun does a vegetable garden need",gardening-planning,informational,"How Much Sun Does a Vegetable Garden Need? By Crop",blog/vegetable-garden-sun-requirements.html,"/calculators/garden-yield.html","/calculators/plant-spacing.html",pending,,
159,"what minerals do goats need",livestock,informational,"Goat Minerals: What They Need and What to Avoid",blog/goat-mineral-requirements.html,"/calculators/goat-sheep-feed.html","/calculators/goat-sheep-feed.html",pending,,
160,"sauerkraut salt ratio fermenting",food-preservation,informational,"Sauerkraut Salt Ratio: The 2% Rule Explained",blog/sauerkraut-salt-ratio.html,"/calculators/canning-scaler.html","/calculators/vegetable-storage.html",pending,,
161,"how much flour for a loaf of bread",dairy-kitchen,informational,"How Much Flour Per Loaf of Bread? Baker Math Basics",blog/flour-per-loaf.html,"/calculators/bread-baking.html","/calculators/butter-making.html;/calculators/bread-baking.html",pending,,
162,"diy solar water heater",energy-offgrid,informational,"DIY Solar Water Heating: Simple Systems That Work",blog/diy-solar-water-heater.html,"/calculators/solar-power.html","/blog/solar-power-guide.html",pending,,
163,"how to make leaf mold",composting-soil,informational,"Leaf Mold: Free Soil Conditioner From Fall Leaves",blog/make-leaf-mold.html,"/calculators/compost-mix.html","/blog/compost-guide.html",pending,,
164,"homestead skills to learn first",land-planning,informational,"12 Homestead Skills to Learn in Your First Year",blog/first-year-homestead-skills.html,"/calculators/land-requirement.html","/calculators/self-sufficiency-score.html",pending,,
165,"why did my hens stop laying eggs",chickens-eggs,informational,"Why Did My Hens Stop Laying? 9 Causes and Fixes",blog/why-hens-stopped-laying.html,"/calculators/egg-production.html","/printables/egg-production-chart.html",pending,,
166,"when to transplant seedlings outside",gardening-planning,informational,"When to Transplant Seedlings Outside: Signs They Are Ready",blog/when-to-transplant-seedlings.html,"/calculators/seed-starting.html","/calculators/frost-date.html",pending,,
167,"goat kidding season checklist",livestock,informational,"Kidding Season Checklist: Before, During, and After",blog/goat-kidding-checklist.html,"/calculators/goat-sheep-feed.html","/calculators/goat-cheese-yield.html",pending,,
168,"canning altitude adjustments chart",food-preservation,informational,"Canning Altitude Adjustments: What Changes Above 1,000 ft",blog/canning-altitude-adjustments.html,"/calculators/canning-scaler.html","/calculators/vegetable-storage.html;/calculators/dehydrator.html",pending,,
169,"cheese aging temperature and humidity",dairy-kitchen,informational,"Cheese Aging Conditions: Building a Simple Cheese Cave",blog/cheese-aging-conditions.html,"/calculators/cheese-making.html","/calculators/vegetable-storage.html",pending,,
170,"off grid power options besides solar",energy-offgrid,informational,"Off-Grid Power Beyond Solar: Wind, Micro-Hydro, and More",blog/off-grid-power-options.html,"/calculators/solar-power.html","/blog/solar-power-guide.html",pending,,
171,"bokashi composting vs traditional",composting-soil,commercial-investigation,"Bokashi vs Traditional Composting: Which Fits Your Kitchen",blog/bokashi-vs-traditional.html,"/calculators/compost-mix.html","/calculators/compost-mix.html",pending,,
172,"usda zone changes what gardeners should know",land-planning,informational,"USDA Zone Map Updates: What a Half-Zone Shift Means",blog/usda-zone-changes.html,"/calculators/usda-zone-finder.html","/calculators/frost-date.html",pending,,
173,"fermenting chicken feed benefits",chickens-eggs,informational,"Fermenting Chicken Feed: Benefits, Method, and Savings",blog/fermenting-chicken-feed.html,"/calculators/chicken-feed.html","/blog/chicken-feed-guide.html",pending,,
174,"why are my seedlings leggy",gardening-planning,informational,"Why Are My Seedlings Leggy? Causes and How to Save Them",blog/leggy-seedlings-fix.html,"/calculators/seed-starting.html","/blog/seed-starting-guide.html",pending,,
175,"how much milk does a dairy cow produce per day",livestock,informational,"How Much Milk Does a Family Cow Produce Per Day?",blog/family-cow-milk-production.html,"/calculators/butter-making.html","/calculators/cheese-making.html",pending,,
176,"how long does winter squash keep",food-preservation,informational,"How Long Does Winter Squash Keep? Storage by Variety",blog/winter-squash-storage.html,"/calculators/vegetable-storage.html","/printables/vegetable-storage-chart.html",pending,,
177,"real buttermilk from butter making",dairy-kitchen,informational,"Real Buttermilk: The Bonus Product of Butter Making",blog/real-buttermilk-uses.html,"/calculators/butter-making.html","/calculators/bread-baking.html",pending,,
178,"how much propane does a homestead use",energy-offgrid,informational,"How Much Propane a Homestead Uses (and How to Cut It)",blog/homestead-propane-use.html,"/calculators/solar-power.html","/calculators/firewood-requirement.html",pending,,
179,"how much can free ranging reduce feed costs",chickens-eggs,commercial-investigation,"How Much Does Free-Ranging Really Cut Feed Costs?",blog/free-range-feed-savings.html,"/calculators/chicken-feed.html","/calculators/chicken-coop-size.html",pending,,
180,"how to harden off seedlings",gardening-planning,informational,"How to Harden Off Seedlings in 7 Days",blog/harden-off-seedlings.html,"/calculators/seed-starting.html","/calculators/frost-date.html",pending,,
181,"raising ducks vs chickens for eggs",livestock,commercial-investigation,"Ducks vs Chickens for Eggs: An Honest Comparison",blog/ducks-vs-chickens-eggs.html,"/calculators/egg-production.html","/calculators/chicken-feed.html",pending,,
182,"dial gauge vs weighted gauge pressure canner",food-preservation,commercial-investigation,"Dial vs Weighted Gauge Pressure Canners: Key Differences",blog/dial-vs-weighted-gauge.html,"/calculators/canning-scaler.html","/calculators/vegetable-storage.html;/calculators/dehydrator.html",pending,,
183,"milk kefir grains how to use",dairy-kitchen,informational,"Milk Kefir for Beginners: Grains, Ratios, and Timing",blog/milk-kefir-beginners.html,"/calculators/cheese-making.html","/calculators/cheese-making.html",pending,,
184,"insulating a greenhouse for winter",energy-offgrid,informational,"Insulating a Greenhouse for Winter: What Actually Helps",blog/insulate-greenhouse-winter.html,"/calculators/greenhouse-heater.html","/calculators/firewood-requirement.html;/printables/solar-power-reference.html",pending,,
185,"chicken molting how long no eggs",chickens-eggs,informational,"Chicken Molting: How Long It Lasts and When Eggs Return",blog/chicken-molting-duration.html,"/calculators/egg-production.html","/calculators/egg-production.html;/printables/chicken-feed-chart.html",pending,,
186,"determinate vs indeterminate tomatoes",gardening-planning,commercial-investigation,"Determinate vs Indeterminate Tomatoes: Which to Grow",blog/determinate-vs-indeterminate-tomatoes.html,"/calculators/garden-yield.html","/calculators/plant-spacing.html",pending,,
187,"how much pasture per sheep",livestock,informational,"How Much Pasture Per Sheep? Acreage That Works",blog/pasture-per-sheep.html,"/calculators/land-requirement.html","/calculators/hay-forage.html",pending,,
188,"how to render lard at home",food-preservation,informational,"How to Render Lard at Home (Stovetop and Slow Cooker)",blog/render-lard-at-home.html,"/calculators/meat-curing.html","/calculators/vegetable-storage.html;/calculators/dehydrator.html",pending,,
189,"winter egg production how to keep hens laying",chickens-eggs,informational,"Winter Egg Production: How to Keep Hens Laying",blog/winter-egg-production-tips.html,"/calculators/egg-production.html","/calculators/chicken-coop-heating.html",pending,,
190,"how many green bean plants per person",gardening-planning,informational,"How Many Green Bean Plants Per Person?",blog/green-bean-plants-per-person.html,"/calculators/garden-yield.html","/calculators/canning-scaler.html",pending,,
191,"how to judge hay quality",livestock,informational,"How to Judge Hay Quality Before You Buy",blog/judging-hay-quality.html,"/calculators/hay-forage.html","/printables/livestock-hay-guide.html",pending,,
192,"vacuum sealing vs mylar bags food storage",food-preservation,commercial-investigation,"Vacuum Sealing vs Mylar Bags for Long-Term Food Storage",blog/vacuum-seal-vs-mylar.html,"/calculators/vegetable-storage.html","/calculators/self-sufficiency-score.html",pending,,
193,"how many chickens per acre",chickens-eggs,informational,"How Many Chickens Per Acre? Free Range Stocking Rates",blog/chickens-per-acre.html,"/calculators/land-requirement.html","/calculators/chicken-coop-size.html",pending,,
194,"usda zone 7 planting schedule",gardening-planning,informational,"USDA Zone 7 Planting Schedule: Month by Month",blog/zone-7-planting-schedule.html,"/calculators/usda-zone-finder.html","/calculators/frost-date.html",pending,,
195,"straight run vs pullets which to buy",chickens-eggs,commercial-investigation,"Straight Run vs Pullets: Which Should You Buy?",blog/straight-run-vs-pullets.html,"/calculators/chicken-feed.html","/calculators/egg-production.html",pending,,
196,"what to plant 8 weeks before first frost",gardening-planning,informational,"What to Plant 8 Weeks Before First Frost",blog/plant-8-weeks-before-frost.html,"/calculators/frost-date.html","/blog/frost-date-guide.html",pending,,
197,"when to switch from chick starter to grower feed",chickens-eggs,informational,"Chick Starter to Grower Feed: When and How to Switch",blog/starter-to-grower-feed-switch.html,"/calculators/chicken-feed.html","/blog/chicken-feed-guide.html",pending,,
198,"overwintering vegetables in the garden",gardening-planning,informational,"Overwintering Vegetables: What Survives and How to Help",blog/overwintering-vegetables.html,"/calculators/frost-date.html","/calculators/vegetable-storage.html",pending,,
199,"deep litter method chicken coop",chickens-eggs,informational,"Deep Litter Method: Low-Work Coop Bedding That Composts",blog/deep-litter-method-coop.html,"/calculators/chicken-coop-size.html","/calculators/compost-mix.html",pending,,
200,"how many zucchini plants for a family",gardening-planning,informational,"How Many Zucchini Plants Does a Family Actually Need?",blog/zucchini-plants-per-family.html,"/calculators/garden-yield.html","/calculators/plant-spacing.html",pending,,
201,"how much space do chickens need to free range",chickens-eggs,informational,"How Much Space Do Free-Range Chickens Need?",blog/free-range-space-requirements.html,"/calculators/chicken-coop-size.html","/calculators/land-requirement.html",pending,,
202,"cover crops for garden beds in winter",gardening-planning,informational,"Winter Cover Crops for Garden Beds: What to Sow",blog/winter-cover-crops.html,"/calculators/seed-calculator.html","/calculators/compost-mix.html",pending,,
203,"what not to feed chickens kitchen scraps",chickens-eggs,informational,"Kitchen Scraps for Chickens: What Is Safe and What Is Not",blog/what-not-to-feed-chickens.html,"/calculators/chicken-feed.html","/blog/chicken-feed-guide.html",pending,,
204,"low maintenance vegetables for beginners",gardening-planning,informational,"12 Low-Maintenance Vegetables for First-Year Gardeners",blog/low-maintenance-vegetables.html,"/calculators/garden-yield.html","/calculators/seed-starting.html",pending,,
